Cname,Cname_data,ISO_code,ISO2,1999,2000,2001,2002,2003,2004,2005,2006,2007,2008,2009,2010,2011,2012,2013,2014,2015,2016
Afghanistan,Afghanistan,AFG,AF,,,117.4096908,187.845095,198.7285436,219.1413528,250.2941299,272.563077,369.835796,373.3611163,445.8932979,553.3002894,603.5370231,669.0090509,631.7449706,612.0696514,569.5779229,561.7787463
Albania,Albania,ALB,AL,1098.425463,1175.788981,1326.970339,1453.642777,1890.681557,2416.588235,2709.142931,3005.012903,3603.013685,4370.539647,4114.136545,4094.358832,4437.178068,4247.614308,4413.081697,4578.666728,3934.895394,4124.98239
Algeria,Algeria,DZA,DZ,1581.004564,1757.017797,1732.857979,1774.033673,2094.335506,2598.908023,3100.122378,3464.610079,3935.183343,4905.254866,3868.83123,4463.394675,5432.41332,5565.134521,5471.123389,5466.425778,4160.220067,3916.881571
Andorra,Andorra,AND,AD,19261.7105,21936.5301,22228.84649,24741.49357,32776.44227,38503.47961,41282.02012,43748.77216,48582.80846,47785.65909,43339.37987,39736.35406,41098.76694,38391.08087,40619.7113,42294.99473,36038.2676,36988.62203
Angola,Angola,AGO,AO,385.7688535,555.2969419,526.168743,711.181716,779.4683056,1041.086844,1443.991929,2062.415149,2878.837144,3868.578883,3347.84485,3529.053482,4299.012889,4598.249988,4804.616884,4709.312024,3695.793748,3308.700233
Antigua and Barbuda,Antigua and Barbuda,ATG,AG,9363.18664,9932.029681,9414.160591,9443.063591,9801.966935,10419.31113,11452.73878,12812.76444,14350.91889,14797.36842,13082.28166,12174.69786,11931.20411,12517.55793,12194.60876,12946.98694,13659.14791,14462.17628
Argentina,Argentina,ARG,AR,7736.369623,7669.273916,7170.694674,2579.193168,3330.437006,4251.574348,5076.883829,5878.761027,7193.61764,8953.359275,8161.306966,10276.2605,12726.90836,12969.70712,12976.63642,12245.25645,13467.10236,12440.32098
Armenia,Armenia,ARM,AM,597.4334817,622.7427477,694.4305119,783.2616099,930.1661567,1191.96192,1643.758543,2158.002909,3138.808703,4010.026997,2993.832531,3218.381655,3526.978143,3684.80481,3843.591213,3994.712355,3617.935746,3614.688357
Australia,Australia,AUS,AU,20561.47678,21690.921,19517.84168,20081.81763,23465.38559,30472.37977,34016.71483,36118.28381,40991.98289,49664.68504,42742.99898,51874.08048,62245.10029,67677.63477,67792.30386,62214.60912,56554.03876,49927.81951
Austria,Austria,AUT,AT,27174.29716,24564.45829,24537.51426,26401.74546,32222.89724,36821.52147,38403.13388,40635.28182,46855.77175,51708.76575,47963.1794,46858.04327,51374.95841,48567.69529,50719.38828,51733.48192,44255.58336,44676.34583
Azerbaijan,Azerbaijan,AZE,AZ,573.8902562,655.0974326,703.6838434,763.0730858,883.6439965,1045.02163,1578.40239,2473.085776,3851.437869,5574.603802,4950.294791,5842.805784,7189.691229,7496.335728,7875.756953,7891.299776,5500.310382,3876.936433
"Bahamas, The",Bahamas (the),BHS,BS,20505.94743,21241.2367,21497.52091,22506.35114,22009.20043,21996.40649,23405.45302,23719.10788,24301.24325,23652.33053,22037.10801,21921.55906,21523.97372,28815.5274,28303.46729,28374.35794,29056.09066,28785.47767
Bahrain,Bahrain,BHR,BH,10401.48045,13636.34668,12868.211,13102.33457,14221.99259,15846.47641,17959.17854,19307.99549,20977.11053,23067.56535,19356.67236,20722.10389,22512.1596,23649.36661,24737.17178,24983.37902,22688.87824,22579.09342
Bangladesh,Bangladesh,BGD,BD,397.3548219,405.6033071,402.5981152,400.6135745,432.7388972,460.7579167,484.1554071,494.0501466,541.0651484,615.7775411,681.1205368,757.6717572,835.7893401,856.342857,951.8894535,1084.56543,1210.158769,1358.779029
Barbados,Barbados,BRB,BB,11200.57763,11567.66612,11513.93686,11675.34754,12028.48034,12868.78733,14223.25544,15439.99215,16381.49556,16613.71922,15922.90013,15959.02979,16610.41835,16536.21464,16326.91348,16261.79932,16129.04928,15891.62655
Belarus,Belarus,BLR,BY,1210.6116,1276.288034,1244.373185,1479.383142,1819.525644,2378.339207,3126.071767,3848.215966,4735.484827,6377.369732,5176.26383,6029.3968,6519.230195,6940.159254,7978.872615,8318.51269,5949.106307,4986.496177
Belgium,Belgium,BEL,BE,25444.13926,23207.40591,23121.60114,25052.33939,30743.90254,35589.68912,36967.25918,38852.37293,44403.7669,48424.5756,44880.57302,44380.17663,47702.81189,44740.58325,46582.66955,47379.17392,40375.38864,41236.26659
Belize,Belize,BLZ,BZ,3065.492248,3364.423711,3419.275719,3556.561825,3679.909523,3831.538019,3933.332215,4187.37803,4324.876427,4470.220796,4258.788611,4344.150177,4516.24675,4673.63848,4688.538443,4852.223666,4849.997495,4744.736397
Benin,Benin,BEN,BJ,403.6237038,374.1923942,378.736054,418.6985763,519.2922847,583.4093514,601.799977,625.830092,706.0535419,820.1513498,793.45243,757.6959074,825.9427854,837.9505001,915.2674586,943.686575,783.947091,789.4404107
Bhutan,Bhutan,BTN,BT,751.5757717,765.8632358,807.9387673,885.6382245,997.7417141,1097.457088,1247.061392,1335.456906,1741.142552,1795.181307,1770.234497,2178.921383,2458.045976,2422.008016,2350.882889,2504.717407,2615.31022,2773.547135
Bolivia,Bolivia (Plurinational State of),BOL,BO,1012.509773,1007.002869,958.2366524,913.5756423,917.3643105,978.3346485,1046.427384,1233.594435,1389.634888,1736.935051,1776.866476,1981.160705,2377.675918,2645.227753,2947.938526,3124.00031,3077.026199,3104.956089
Bosnia and Herzegovina,Bosnia and Herzegovina,BIH,BA,1246.497114,1461.75052,1524.412022,1761.537647,2214.732246,2650.642661,2968.411806,3404.321698,4180.292176,5078.314577,4701.334426,4614.829041,5054.325344,4722.013403,5042.582213,5204.243718,4584.242548,4808.405425
Botswana,Botswana,BWA,BW,3226.295674,3349.068823,3128.097793,3055.618382,4163.065906,4896.583835,5351.253732,5374.554867,5714.047937,5623.379566,5185.729845,6346.156204,7645.214612,7029.23145,7007.625786,7497.762378,6532.044677,6924.149775
Brazil,Brazil,BRA,BR,3469.503972,3739.119036,3146.950177,2819.649531,3059.587582,3623.047667,4770.182746,5860.145975,7313.557962,8787.610375,8553.38047,11224.15408,13167.47289,12291.46685,12216.90446,12026.61731,8757.206202,8649.948492
Brunei Darussalam,Brunei Darussalam,BRN,BN,14097.93159,18008.44826,16468.12886,16846.02198,18555.56649,21896.60527,26102.13345,30980.96692,32672.36717,37951.2806,27965.47504,35268.10117,47017.0273,47651.25909,44597.27968,41530.66898,30967.89051,26939.41751
Bulgaria,Bulgaria,BGR,BG,1643.609895,1609.280586,1764.907387,2087.534843,2710.468024,3381.507837,3893.68998,4513.13628,5932.899677,7261.754492,6969.558557,6843.263289,7813.803499,7378.025539,7674.860559,7853.335191,6993.47736,7469.025247
Burkina Faso,Burkina Faso,BFA,BF,265.3401156,226.4759814,235.4912324,260.7635413,332.3443051,371.3230865,406.9988071,422.6332374,475.1100122,569.7612784,552.7455521,575.4464527,666.8404101,673.8228182,699.781537,703.8216565,575.3144542,627.1030788
Burundi,Burundi,BDI,BI,128.6964397,135.9984455,133.7427689,122.4335893,112.8493703,127.4296648,150.5070434,165.8794176,170.7999005,196.2472628,204.9446502,231.1943256,260.4799073,265.2856051,282.7555252,312.7489794,300.6765569,285.7274421
Cabo Verde,Cabo Verde,CPV,CV,1389.719796,1239.377855,1268.884564,1373.515636,1768.921302,1976.458506,2048.13459,2304.289902,3112.285712,3638.905946,3444.5566,3312.825985,3670.429453,3408.482762,3558.796314,3529.618403,2954.119467,2997.75268
Cambodia,Cambodia,KHM,KH,295.9735957,300.6850949,321.2263004,339.0676984,362.4213785,408.6105184,474.2238766,539.8791529,631.675789,745.7877873,738.2326684,785.6928841,882.4901462,950.0244132,1028.419568,1098.687123,1163.18977,1269.907238
Cameroon,Cameroon,CMR,CM,751.9782914,660.1926971,661.7774417,719.8896584,881.0102086,1027.823,1030.038193,1081.369831,1215.808213,1396.824988,1338.884377,1309.122208,1429.647553,1380.509848,1493.746567,1571.182535,1353.92449,1374.514172
Canada,Canada,CAN,CA,22167.22585,24124.16917,23691.59472,24167.80431,28172.14883,31979.87195,36189.58838,40386.69948,44544.5268,46596.33599,40773.45436,47447.47602,52082.21076,52496.69487,52413.72116,50440.43376,43315.70044,42157.92799
Central African Republic,Central African Republic (the),CAF,CF,271.8551165,243.5429317,243.1586486,253.7068343,286.2508019,313.210598,327.1149461,347.6073678,397.1480467,456.8614334,449.9601839,446.4434494,494.3306779,486.410114,337.4849614,377.1320274,348.381417,382.2131743
Chad,Chad,TCD,TD,190.8359826,166.0231785,197.3156442,220.8054821,292.5914364,454.6765879,660.2421396,712.1847694,801.683884,929.7702391,804.4559039,896.5697341,989.2363633,973.4702574,986.0103177,1025.998515,777.2487051,664.2956519
Chile,Chile,CHL,CL,4986.007417,5101.368479,4595.666327,4463.545867,4787.699532,6210.828325,7615.30468,9484.681227,10526.87746,10781.36608,10243.32824,12860.17764,14705.69242,15431.90293,15941.39722,14817.37778,13653.2264,13792.92605
China,China,CHN,CN,873.2870617,959.3724836,1053.108243,1148.50829,1288.643252,1508.668098,1753.417829,2099.229435,2695.365917,3471.248054,3838.433972,4560.512586,5633.795717,6337.883323,7077.770765,7683.502613,8069.213024,8123.180873
Colombia,Colombia,COL,CO,2164.432929,2472.197831,2395.856551,2355.725857,2246.257472,2740.249442,3386.025634,3709.078764,4674.219528,5433.720425,5148.422106,6250.654926,7227.739797,7884.984375,8030.585914,7913.383242,6044.525655,5805.605385
Comoros,Comoros (the),COM,KM,420.8779342,375.8528566,395.9319363,433.2691451,544.5066526,616.4197236,621.9033702,648.3008717,720.7593013,795.9705019,778.5454199,769.1742883,829.7586885,788.632653,834.3410949,852.9543079,727.6463868,775.0800846
"Congo, Rep.",Congo (the),COG,CG,750.5265499,998.1968921,842.7090677,886.3616653,998.1013117,1289.337837,1637.064381,2012.11007,2111.209489,2881.594116,2255.333119,2737.34233,3196.647524,2952.052348,2964.572989,2910.520226,1712.121146,1528.24472
Costa Rica,Costa Rica,CRI,CR,3688.398314,3808.363689,3981.528047,4062.014965,4167.714107,4425.507467,4697.011135,5245.187372,6120.623418,6911.136136,6809.396224,8199.414621,9186.59639,9985.36959,10569.66631,10647.44179,11406.36273,11824.6381
Côte d'Ivoire,Côte d'Ivoire,CIV,CI,759.2922029,642.254714,656.834565,710.9611683,865.789649,919.8068028,931.754287,951.9478956,1065.896375,1242.431044,1217.749206,1219.749096,1214.703946,1262.480218,1423.682282,1569.928275,1434.326615,1534.973724
Country Name,Country Name,Country Code,ISO2,1999,2000,2001,2002,2003,2004,2005,2006,2007,2008,2009,2010,2011,2012,2013,2014,2015,2016
Croatia,Croatia,HRV,HR,5135.473341,4919.628069,5245.421419,6053.716037,7805.881418,9365.742468,10224.30403,11363.41845,13546.69872,15893.86056,14157.14416,13505.74586,14539.18421,13235.97757,13574.74009,13467.46827,11638.07948,12160.11063
Cuba,Cuba,CUB,CU,2553.06976,2741.110542,2832.188893,2994.339988,3192.669378,3390.716256,3779.05707,4669.060916,5184.494227,5376.447622,5484.7763,5676.141403,6075.924306,6425.941119,6760.15344,7050.50199,7602.261218,
Cyprus,Cyprus,CYP,CY,15457.64436,14672.88206,15062.92433,16372.29152,20293.40789,23932.49128,25324.48666,27169.99256,31386.63265,35390.70488,32105.8159,30818.46396,32233.83942,28951.15556,27907.96736,27340.88382,23075.1127,23324.20174
Czech Republic,Czech Republic (the),CZE,CZ,6307.698004,6011.61522,6609.20553,8032.896612,9773.117503,11685.88724,13346.17639,15183.63605,18373.649,22698.85396,19741.59763,19808.07109,21717.45794,19729.87051,19916.01939,19744.55861,17715.61685,18491.94011
"Korea, Dem. People’s Rep.",Democratic People's Republic of Korea (the),PRK,KP,,,,,,,,,,,,,,,,,,
"Congo, Dem. Rep.",Democratic Republic of the Congo (the),COD,CD,102.6447985,405.4696531,153.6995733,175.1360715,173.9163518,194.1667863,218.5235092,252.8430454,280.1217437,318.1201341,,318.0757516,357.4834938,398.1406948,420.87049,461.5680853,474.9360481,405.5425009
Denmark,Denmark,DNK,DK,33440.80162,30743.55917,30751.64946,33228.69291,40458.77064,46511.60457,48799.82037,52026.99311,58487.04501,64322.06664,58163.29359,58041.41122,61753.66007,58507.50021,61191.19263,62548.98502,53012.99658,53549.70067
Djibouti,Djibouti,DJI,DJ,765.7204882,768.1760767,781.2322196,792.15412,819.974118,864.1847206,904.7297489,965.6693779,1047.586896,1214.077118,1253.657431,1325.990724,1430.986898,1536.150685,1622.637974,1740.915011,1862.167274,
Dominica,Dominica,DMA,DM,3830.175253,4820.107567,4924.922784,4836.384921,4994.667402,5325.046981,5244.033732,5513.16071,5939.053585,6446.663832,6866.224899,6912.435714,6986.046785,6745.849594,6933.415429,7195.39349,7313.849352,7906.721671
Dominican Republic,Dominican Republic (the),DOM,DO,2575.565104,2802.420042,2862.154836,3008.465078,2372.628827,2421.096062,3681.059903,3836.468771,4647.310359,5011.037937,4952.677503,5451.06696,5759.0643,5968.876767,6027.055544,6268.692122,6468.471648,6722.223536
Ecuador,Ecuador,ECU,EC,1584.463443,1451.290776,1903.741571,2183.966796,2440.46898,2708.557892,3021.942547,3350.786541,3590.718086,4274.952065,4255.565701,4657.302361,5223.351763,5702.104313,6074.090829,6396.630483,6150.155955,6018.526868
"Egypt, Arab Rep.",Egypt,EGY,EG,1321.799713,1428.183004,1370.717438,1210.229249,1120.874928,1045.943208,1168.115231,1375.196316,1640.476068,2011.246154,2291.667062,2602.479549,2747.480327,3181.441708,3213.389158,3327.754247,3547.713012,3477.851743
El Salvador,El Salvador,SLV,SV,2139.793967,2238.401016,2338.772244,2408.4125,2519.737387,2632.709942,2835.281237,3062.951768,3304.838107,3507.347674,3366.482133,3474.392445,3736.58713,3827.786267,3895.664491,3988.771871,4127.11775,4223.584579
Equatorial Guinea,Equatorial Guinea,GNQ,GQ,1052.852818,1702.684901,2283.879039,2711.170114,3577.176197,6085.348907,10850.63334,12732.02759,15761.83913,22742.38159,16530.20937,17136.44568,21451.88617,21557.6528,20246.99308,19245.65151,10717.48218,8747.353473
Eritrea,Eritrea,ERI,ER,208.6209747,208.1969487,215.1392103,201.7687981,232.7945459,287.4222243,276.7508096,297.8280588,317.3294336,326.0825642,430.7544499,482.1490904,582.7755302,,,,,
Estonia,Estonia,EST,EE,4119.347394,4070.032827,4498.957027,5308.347781,7174.237415,8850.465115,10338.31322,12595.41065,16586.4052,18094.54805,14726.31828,14638.60482,17454.84342,17421.89022,19072.23852,19949.58138,17155.87418,17727.49293
Ethiopia,Ethiopia,ETH,ET,119.1340818,123.8762057,120.1789279,111.3634356,118.8734466,135.7623858,161.6266248,193.7949056,243.3026822,325.3825543,379.7566385,341.3099092,354.8463544,468.5067249,502.1535887,571.1622759,645.4650067,706.7574751
Fiji,Fiji,FJI,FJ,2408.165466,2076.013308,2038.891729,2259.055796,2835.973972,3332.918533,3658.630832,3749.939813,4078.82327,4177.657789,3369.408247,3651.966784,4353.121392,4546.738504,4763.068956,5045.769926,4921.950723,5233.469423
Finland,Finland,FIN,FI,26178.79178,24253.25042,24913.24452,26834.02625,32816.16088,37636.11173,38969.17163,41120.67651,48288.5491,53401.31487,47107.15571,46202.41516,50790.72415,47415.55987,49638.07713,49914.61864,42419.56557,43402.86326
France,France,FRA,FR,24799.29601,22465.64184,22527.31775,24275.2426,29691.18158,33874.74255,34879.72633,36544.50853,41600.58397,45413.06571,41631.13141,40703.34279,43810.20088,40838.02444,42554.12205,42955.24287,36526.77011,36854.96828
Gabon,Gabon,GAB,GA,3883.325188,4116.460693,3976.104887,4102.55271,4892.011618,5685.577736,6826.880545,7141.549167,8352.817101,10094.02746,7603.660223,8754.113922,10716.2032,9774.180761,9679.759204,9692.163874,7388.984144,7179.340661
"Gambia, The",Gambia (the),GMB,GM,681.5374179,635.5637584,541.0558913,440.9474786,359.6521781,413.8398778,432.1929066,439.3423673,519.0452673,607.9479729,549.3108283,562.4825159,514.3738601,504.9740098,483.4863008,434.4656471,458.9690025,473.1904366
Georgia,Georgia,GEO,GE,628.8656516,691.9977101,733.9704142,779.3845935,928.0108227,1207.367228,1530.057521,1872.680416,2492.12878,3174.949001,2706.588512,2964.477034,3725.063221,4142.869175,4274.376857,4429.650075,3764.640912,3865.785693
Germany,Germany,DEU,DE,26795.99113,23718.7467,23687.31689,25205.16445,30359.95215,34165.93403,34696.62092,36447.87232,41814.8191,45699.19832,41732.70725,41785.55691,46810.32796,44065.24891,46530.91143,48042.56343,41323.9215,42069.59799
Ghana,Ghana,GHA,GH,417.7679907,263.1124679,273.6596668,309.4844703,373.2815537,423.1936389,498.1723904,922.9351677,1090.686718,1224.401554,1086.765038,1312.607557,1574.978653,1629.800222,1814.492297,1432.227943,1361.113905,1513.461034
Greece,Greece,GRC,GR,13245.18946,12042.95373,12538.17883,14110.31339,18477.57841,21955.10409,22551.73574,24801.15781,28827.32636,31997.28201,29710.9703,26917.75898,25916.29353,22242.68193,21874.8195,21760.9798,18070.77678,17930.16423
Grenada,Grenada,GRD,GD,4751.575978,5117.589923,5109.958715,5292.232379,5773.073577,5836.177063,6754.512393,6766.486756,7324.190513,7947.444327,7395.088125,7365.666659,7410.408438,7583.187002,7956.076548,8569.776998,9333.270231,9841.76405
Guatemala,Guatemala,GTM,GT,1608.69289,1655.596261,1568.376276,1701.771491,1753.349471,1872.737083,2077.83438,2256.56724,2489.955836,2794.221809,2635.753474,2825.52407,3187.845296,3299.605139,3452.828934,3687.763767,3923.573344,4146.744129
Guinea,Guinea,GIN,GN,399.9739644,340.0516918,315.8398003,322.811171,370.1931781,386.3288283,303.424498,427.0691859,622.1516672,674.5971068,636.2717095,635.6714852,614.8694482,654.7998027,726.0940747,744.6823178,725.0646897,661.5277734
Guinea-Bissau,Guinea-Bissau,GNB,GW,183.8530105,297.7519443,309.486749,321.4813204,360.5718585,393.3138244,424.9534585,418.9445004,481.0694976,583.5445622,544.2220779,546.7216686,688.7718197,604.2683552,622.1351066,611.4384267,585.2105569,641.5959647
Guyana,Guyana,GUY,GY,919.8665766,946.0599372,925.5825046,960.8674827,986.7958173,1045.58861,1098.455216,1945.634348,2327.058324,2576.124957,2764.306295,3044.949129,3438.825411,3799.756292,3941.114697,4031.532007,4160.269275,4529.139412
Haiti,Haiti,HTI,HT,494.2324206,462.4806524,413.7383164,393.0163027,329.7820946,387.9429725,465.3101876,505.4706206,615.8198192,674.7564147,668.2976046,662.2795182,740.9358452,766.8437623,810.2656073,830.1148117,814.5463952,739.5954363
Honduras,Honduras,HND,HN,845.1088226,1088.783165,1130.405046,1132.872001,1157.30427,1217.657961,1311.741714,1437.628785,1592.572182,1751.595857,1815.489496,1932.85829,2120.589469,2178.377385,2136.393851,2242.707459,2326.155856,2361.160205
Hungary,Hungary,HUN,HU,4802.95876,4633.312923,5283.034459,6665.961242,8423.350987,10296.33979,11205.97134,11447.81687,13907.50338,15739.73541,13029.88338,13092.23376,14118.12263,12888.30459,13667.70279,14201.44883,12483.86594,12814.94995
Iceland,Iceland,ISL,IS,32198.90858,31813.37344,28585.9254,31996.20172,39044.09099,46917.27216,56249.75055,56103.54115,68348.31817,55575.29196,40461.89251,41676.44527,46000.02017,44333.85018,47810.30888,52473.11356,50734.4436,59976.94257
India,India,IND,IN,437.5861178,438.8646304,447.0138966,466.2008042,541.1352279,621.3183767,707.008019,792.0259698,1018.166373,991.4846304,1090.317765,1345.770153,1461.671957,1446.98541,1452.195373,1573.118089,1596.470003,1709.591808
Indonesia,Indonesia,IDN,ID,714.5453308,830.5845879,796.3958746,957.7806429,1133.411259,1222.911783,1342.544156,1688.874304,1975.167375,2300.370675,2400.367644,3113.480635,3634.276805,3687.953996,3620.663981,3491.595887,3336.106686,3570.294888
"Iran, Islamic Rep.",Iran (Islamic Republic of),IRN,IR,1749.827783,1657.169748,1890.991526,1892.036143,2231.342796,2729.838416,3215.653433,3738.689284,4857.368371,5574.410436,5619.117621,6531.92743,7729.343353,7832.902635,6036.192088,5540.984136,4862.299729,5219.109408
Iraq,Iraq,IRQ,IQ,,,,,,1391.816923,1849.603911,2351.812429,3129.224922,4521.03247,3735.144836,4502.749048,5854.614497,6651.12242,6925.224046,6703.074737,4974.02693,4609.600694
Ireland,Ireland,IRL,IE,26284.30478,26241.51451,28227.27791,32539.95499,41107.03151,47630.92531,50878.63814,54306.91278,61359.64477,61257.89572,52104.03515,48671.88812,52224.01097,49177.4413,52060.46786,55899.16348,62139.67495,63861.92198
Israel,Israel,ISR,IL,19133.0482,21042.9816,20299.13773,18427.60702,18964.22364,19892.05951,20557.12408,21827.82317,24889.16836,29531.57216,27709.11754,30642.94062,33689.83853,32525.95659,36291.23211,37539.95182,35691.26916,37175.74203
Italy,Italy,ITA,IT,21936.82313,20051.24215,20400.81111,22196.50675,27387.22632,31174.56109,31959.26295,33410.74744,37698.78665,40640.18386,36976.84553,35849.3732,38334.68385,34814.12512,35370.27526,35396.66572,30171.74199,30674.83607
Jamaica,Jamaica,JAM,JM,3338.20084,3360.870402,3394.800708,3596.496282,3465.221998,3719.97351,4082.240762,4313.160082,4620.517913,4902.512038,4293.322822,4682.521248,5103.356097,5209.506189,5005.592249,4855.800481,4939.837281,4878.575791
Japan,Japan,JPN,JP,36026.55608,38532.04088,33846.46564,32289.35054,34808.39092,37688.72234,37217.64873,35433.98896,35275.22843,39339.29757,40855.17564,44507.67639,48167.99727,48603.47665,40454.44746,38096.21151,34474.13736,38900.56931
Jordan,Jordan,JOR,JO,1624.9791,1657.889256,1728.260509,1812.288374,1889.213962,2061.456882,2203.083787,2537.30049,2762.806354,3385.609665,3492.130906,3679.190275,3807.324145,3870.753211,3992.867107,4066.940775,4096.099275,4087.937517
Kazakhstan,Kazakhstan,KAZ,KZ,1130.113592,1229.000958,1490.92709,1658.030785,2068.124118,2874.288291,3771.278957,5291.57565,6771.414797,8513.564645,7165.27705,9070.649972,11634.42422,12387.18982,13890.85601,12806.56511,10509.98107,7713.551343
Kenya,Kenya,KEN,KE,421.4328846,403.9797132,401.7763612,395.8493511,436.6875357,458.8843551,519.7999346,697.0066385,839.1081117,916.8992515,920.0816252,967.3400773,987.4453967,1155.020582,1229.114798,1335.06458,1349.970144,1455.359765
Kiribati,Kiribati,KIR,KI,832.0547943,796.7937634,734.9492461,826.585504,1015.038605,1130.602806,1214.556667,1151.555618,1357.632211,1413.30234,1297.285141,1493.16051,1692.613277,1763.815497,1724.361737,1619.342566,1504.715353,1587.057869
Kuwait,Kuwait,KWT,KW,15391.34574,18389.38433,16540.96761,17789.41981,22071.56961,26921.08278,35490.26132,42717.55725,45793.97614,55571.99806,37567.30121,38497.61696,48268.5912,51264.07134,48399.90581,42996.40812,29109.06874,27359.23033
Kyrgyz Republic,Kyrgyzstan,KGZ,KG,258.04934,279.6205233,308.4087767,321.726538,380.5073624,433.2351189,476.55213,543.1107024,721.7686908,966.3936272,871.2243893,880.0377751,1123.883168,1177.974735,1282.437162,1279.769783,1121.082835,1077.036174
Lao PDR,Lao People's Democratic Republic (the),LAO,LA,277.4951028,324.8450496,326.6408434,319.8270584,362.6252958,417.7516561,475.4164695,590.3013108,709.767087,899.4950787,948.1276421,1141.127115,1304.384015,1588.633147,1838.80602,2017.587781,2159.433735,2353.136848
Latvia,Latvia,LVA,LV,3151.325802,3352.731296,3572.80513,4132.349207,5134.905694,6351.080125,7558.742006,9667.9757,14044.01589,16348.53121,12219.37379,11326.21947,13702.68947,13822.80559,15061.93745,15758.52974,13658.08503,14064.66075
Lebanon,Lebanon,LBN,LB,5509.346429,5334.903329,5253.122599,5436.595223,5425.66907,5424.22356,5339.441291,5372.065899,6014.271115,7109.466413,8480.945504,8858.283977,8734.189185,8922.896752,8721.254215,8536.682494,8452.443641,8257.294391
Lesotho,Lesotho,LSO,LS,493.2493774,474.8197906,437.8190154,407.8093907,603.6362783,781.5145954,862.9463084,915.7757486,918.5406962,935.3941391,924.1059321,1169.267842,1350.677653,1281.620558,1192.998772,1218.466106,1152.319585,1039.704072
Liberia,Liberia,LBR,LR,161.5641221,183.4149991,174.1815473,177.2851087,133.4945108,149.4452549,168.6480254,178.927099,210.3733292,232.061732,303.0667491,327.4205097,379.6895803,415.0361958,454.1222236,458.4651734,452.0380717,455.3707414
Libya,Libya,LBY,LY,6821.312519,7145.628494,6269.580123,3705.442638,4676.967503,5806.083604,8171.361651,9344.987518,11308.56661,14396.04865,10296.97353,12120.56217,5602.549434,,,,,
Lithuania,Lithuania,LTU,LT,3113.546428,3297.354701,3530.147337,4146.987928,5505.535669,6706.966998,7863.162009,9240.642548,12297.91535,14961.56818,11837.39103,11984.86857,14357.73679,14341.08306,15712.82376,16554.97139,14252.42853,14879.6803
Luxembourg,Luxembourg,LUX,LU,51654.4028,48735.99549,48179.42085,52930.64115,65445.88503,75716.35108,80289.69641,89739.7117,106018.4928,114293.8433,103198.6693,104965.3061,115761.5077,106749.0136,113625.1329,119225.38,101446.7863,100573.14
Madagascar,Madagascar,MDG,MG,243.2527515,245.9390659,278.5557032,262.2859481,316.7998965,245.1235876,274.8197023,292.1507443,377.8482928,470.733254,415.6893226,412.7309341,454.963464,443.9061001,461.7230722,452.4631926,402.0883072,401.7422696
Malawi,Malawi,MWI,MW,160.7988768,153.2594872,146.7615397,290.9798977,260.1052517,274.2256294,280.3673842,297.6971211,320.2227274,372.842678,420.7379657,458.8681744,512.1254051,374.5018802,332.9223039,354.7253961,362.6575444,300.3076651
Malaysia,Malaysia,MYS,MY,3493.465229,4045.170471,3915.115046,4167.364387,4463.675893,4955.477743,5593.822995,6222.982955,7269.17114,8513.629541,7326.744435,9071.356987,10405.12062,10779.50751,10882.2891,11183.72943,9648.553455,9508.23775
Maldives,Maldives,MDV,MV,2104.427691,2182.997011,2980.067598,3020.307239,3460.924526,3932.146041,3624.182038,4730.331504,5353.534269,6275.265713,6514.707996,7052.25084,7359.02323,7496.546936,8384.252877,9220.328165,9792.017334,10118.06118
Mali,Mali,MLI,ML,322.53868,269.3483829,306.8473237,334.2024016,391.7912801,439.3572924,487.9402556,521.6425796,595.6368319,689.6784228,697.0153124,708.3707632,835.0889098,777.3476868,803.8935757,848.2279485,749.9501571,779.9448438
Malta,Malta,MLT,MT,10648.9889,11039.05651,11021.78636,11843.93902,13689.98999,15109.05497,15835.34667,16671.5672,19375.5696,21928.70067,20675.58259,21087.79469,22833.36127,21942.11474,23964.49551,26248.77189,23816.08514,25172.49822
Marshall Islands,Marshall Islands (the),MHL,MH,2073.367384,2126.91386,2206.697584,2391.485486,2434.714867,2522.076276,2649.670541,2763.739007,2891.928956,2925.977632,2917.001147,3146.763948,3297.558144,3516.899911,3614.130661,3461.781164,3390.910292,3665.207477
Mauritania,Mauritania,MRT,MR,534.7159444,477.4761024,464.229758,460.9542322,528.5806613,602.547286,697.7451989,944.1304851,1013.31028,1167.535733,1046.837935,1203.383663,1393.261734,1364.283926,1450.577949,1326.668654,1158.256371,1101.901627
Mauritius,Mauritius,MUS,MU,3651.232286,3861.032414,3792.182152,3957.512906,4623.347642,5229.876738,5116.045424,5695.969327,6574.654338,8030.063005,7318.12641,8000.376432,9197.026972,9291.227619,9637.00265,10153.93822,9260.447303,9630.944028
Mexico,Mexico,MEX,MX,5777.231681,6720.902113,7031.378864,7106.082019,6751.998987,7199.059665,7986.798439,8767.920258,9330.341687,9689.052887,7748.123301,8959.581416,9834.472689,9820.532572,10298.86766,10452.78353,9152.872306,8208.555984
"Micronesia, Fed. Sts.",Micronesia (Federated States of),FSM,FM,2046.639645,2170.92021,2240.021462,2257.773665,2296.26086,2252.803138,2355.544465,2397.451838,2441.501551,2516.018683,2693.023278,2861.771348,3000.948119,3150.910602,3047.584425,3057.24559,3018.008675,3143.749107
Monaco,Monaco,MCO,MC,91383.94049,82534.87377,82552.56745,89061.05067,108978.4897,123382.0149,126655.5981,135535.0024,170156.6944,192989.1895,152111.598,144246.3688,162009.8778,,,,,
Mongolia,Mongolia,MNG,MN,445.0069434,474.2133361,524.0145924,571.501883,646.0561295,797.8377432,998.8226671,1334.651896,1634.081431,2139.625631,1717.898761,2650.353648,3769.595269,4368.082248,4385.379355,4181.583313,3946.962075,3694.082552
Montenegro,Montenegro,MNE,ME,,1627.042893,1909.583957,2106.243274,2789.10735,3380.199535,3674.617924,4383.595097,5957.145693,7367.751909,6727.107767,6682.281158,7318.742449,6586.719209,7186.429787,7378.345289,6514.272695,7023.539916
Morocco,Morocco,MAR,MA,1444.989055,1332.382358,1336.775376,1413.757176,1721.973863,1948.812275,2013.755559,2191.478567,2494.353552,2884.94776,2861.554005,2834.20472,3039.916016,2904.746728,3111.762887,3154.513484,2847.285569,2832.429777
Mozambique,Mozambique,MOZ,MZ,301.539472,277.6486591,256.4414872,262.8840551,283.8911588,336.3318145,369.1545359,385.7567141,422.1461573,503.1277109,463.852618,419.2258149,526.5313517,566.0513873,605.9856081,623.2871141,528.3139758,382.0693304
Myanmar,Myanmar,MMR,MM,,193.1874804,138.9249275,143.7760051,219.782326,219.8156688,247.2427006,296.9007284,410.4500001,643.9513703,741.0777116,987.7365832,1186.423937,1175.561788,1171.464477,1260.422411,1138.992271,1195.515372
Namibia,Namibia,NAM,NA,2055.364975,2057.995057,1834.294086,1713.047594,2482.36862,3288.257373,3573.146387,3881.209535,4202.510968,4029.065061,4153.497885,5191.583081,5600.971392,5749.404752,5490.041312,5392.712419,4770.500939,4414.978947
Nauru,Nauru,NRU,NR,,,,,,,,,2028.063733,3914.956935,4416.728353,4912.599558,7233.946609,10099.422,10036.18321,9872.638314,8052.888385,7821.298918
Nepal,Nepal,NPL,NP,215.9805921,231.4255004,248.6183539,246.3075621,253.7200412,287.4001056,317.089198,348.6314534,393.8843518,473.8444409,480.7200909,592.1835216,692.1166842,681.7925868,688.6172788,706.2386977,747.1604624,729.1222515
Netherlands,Netherlands (the),NLD,NL,27951.73429,25921.12794,26584.12169,28817.32321,35245.16407,39954.64222,41577.16009,44453.97119,51241.31562,56928.82048,51900.34009,50338.25483,53540.60536,49474.70561,51574.48942,52157.40687,44746.33405,45669.8148
New Zealand,New Zealand,NZL,NZ,15322.08851,13641.10272,13882.85683,16874.31232,21913.70817,25420.39935,27750.89515,26670.86452,32509.73471,31287.77865,28200.94193,33691.34837,38426.55081,39970.25624,42889.88141,44503.24673,38201.57455,39416.35873
Nicaragua,Nicaragua,NIC,NI,981.0204892,1016.020743,1043.600758,1010.147277,1015.565314,1091.505157,1175.116225,1240.992617,1344.301871,1518.805386,1464.497754,1526.497938,1682.957924,1792.038045,1847.198049,1975.464707,2095.966488,2151.382047
Niger,Niger (the),NER,NE,184.3464766,158.4055972,165.2507247,177.8208384,215.8050408,232.5661574,250.0383731,258.0463873,292.55962,354.8185998,341.2894618,348.151511,375.5819866,391.5155024,416.1400838,429.790889,362.7521263,364.1654618
Nigeria,Nigeria,NGA,NG,300.6090075,379.1193264,351.7996666,459.4572117,512.650719,648.8150852,807.8938738,1019.743286,1136.829645,1383.893354,1097.661422,2327.32067,2527.942003,2755.297787,2996.964302,3221.678116,2655.157977,2175.673442
Norway,Norway,NOR,NO,36371.39579,38146.71539,38549.58934,43061.15038,50111.65445,57570.26916,66775.3944,74114.69715,85170.86217,97007.94189,80067.17664,87770.26684,100711.2248,101668.1707,103059.2482,97199.9191,74521.56993,70911.75716
Oman,Oman,OMN,OM,6967.059664,8601.185906,8476.610511,8629.101774,9069.810206,10129.28886,12376.97936,14408.0505,15805.13226,22075.03536,16784.34616,19280.74735,20986.00036,22134.91007,21268.75637,20458.45227,16627.3643,14982.35792
Pakistan,Pakistan,PAK,PK,465.0757661,533.8624114,510.6568157,499.8600033,563.594342,649.8048233,711.4699463,873.7702727,950.4327931,1039.312088,1006.603999,1040.142268,1226.215314,1261.208967,1272.441061,1316.980966,1428.637628,1443.625016
Palau,Palau,PLW,PW,6011.176439,7709.653194,8150.860647,8256.626137,8018.411168,8754.488992,9611.499046,9648.505896,9682.19825,9724.713269,9187.449612,8956.282364,9712.456915,10362.03391,10899.24474,11682.76761,13981.83953,14428.14026
Panama,Panama,PAN,PA,4082.614583,4060.299035,4046.372833,4126.140671,4267.13578,4591.892776,4916.54886,5348.518399,6068.086607,6973.92804,7429.628274,7937.259931,9270.723171,10589.82713,11685.97983,12593.73704,13134.04367,13680.23601
Papua New Guinea,Papua New Guinea,PNG,PG,640.286085,631.9468526,539.0031987,511.6597331,588.3503924,637.3686654,770.5648783,1283.770364,1440.130304,1719.516327,1672.490908,2004.818112,2474.061846,2865.873252,2800.169029,2965.989284,2659.263507,2500.091116
Paraguay,Paraguay,PRY,PY,1614.903106,1545.626423,1417.260582,1148.229882,1174.779347,1408.527976,1507.145691,1809.710539,2312.192926,3059.992184,2599.596259,3225.591754,3988.011894,3855.537735,4479.905858,4712.822736,4109.367724,4077.742073
Peru,Peru,PER,PE,1963.410567,1996.719689,1981.243653,2059.192958,2180.250997,2448.143899,2754.780029,3171.498056,3611.21047,4208.878011,4166.093387,5022.493191,5771.565878,6387.785281,6583.116248,6491.05245,6030.343259,6049.232578
Philippines,Philippines (the),PHL,PH,1087.237365,1038.910977,957.2807441,1000.068135,1010.553196,1079.03715,1194.697155,1391.772325,1672.685433,1919.466195,1825.341521,2129.499247,2352.518156,2581.818554,2760.289146,2842.938353,2878.33837,2951.071929
Poland,Poland,POL,PL,4389.976415,4492.727604,4981.198619,5196.932921,5693.52416,6681.178818,8021.251569,9040.770206,11260.31852,14001.44688,11542.02029,12597.86239,13890.69624,13143.52122,13780.19061,14339.67455,12564.48353,12421.31891
Portugal,Portugal,PRT,PT,12474.81808,11502.39681,11729.14616,12882.28897,15772.7334,18045.5881,18784.9485,19821.44463,22780.05845,24815.60884,23063.97161,22538.65408,23196.18375,20577.40264,21618.73534,22077.53613,19252.63495,19839.64315
Qatar,Qatar,QAT,QA,21763.45098,29986.29015,28430.63635,29990.65492,34176.98183,41818.35256,51488.49529,60256.55926,67005.61258,82967.37228,61478.23813,70306.22784,85948.07046,88564.82298,88304.87958,86852.71019,66346.52267,59324.33877
"Korea, Rep.",Republic of Korea (the),KOR,KR,10409.32689,11947.57913,11252.90755,12782.52553,14209.38852,15907.66583,18639.52221,20888.38015,23060.70788,20430.63946,18291.9196,22086.95292,24079.78852,24358.78218,25890.01867,27811.36638,27105.07623,27538.80613
Moldova,Republic of Moldova (the),MDA,MD,321.0267965,354.0037319,407.7302432,458.6778168,548.2896867,720.9409321,831.2052862,950.6482044,1230.434685,1695.972811,1525.526119,1631.535832,1970.571373,2046.536787,2243.979662,2244.763762,1832.499052,1900.201479
Romania,Romania,ROU,RO,1610.13437,1668.162731,1839.72945,2124.873613,2774.955806,3552.92452,4676.315183,5828.745662,8214.185378,10136.47356,8220.108329,8297.483621,9200.277825,8558.397606,9585.266593,10020.27733,8978.389254,9519.876801
Russian Federation,Russian Federation (the),RUS,RU,1330.751464,1771.586602,2100.362386,2375.059044,2975.132778,4102.372294,5323.473877,6920.194398,9101.253085,11635.26037,8562.809598,10674.98771,14212.06087,15154.45687,15543.67653,14125.9061,9329.298351,8748.364504
Rwanda,Rwanda,RWA,RW,239.3781268,216.172747,201.0569654,196.5097078,212.6619491,236.9114381,287.0931877,342.3656294,404.8533039,500.6687264,539.1538211,563.4910487,617.3107648,678.0796973,688.8768557,706.5699517,710.3483907,702.8356016
St. Kitts and Nevis,Saint Kitts and Nevis,KNA,KN,8700.348672,9267.754831,10025.61596,10358.27264,9847.603679,10476.36342,11173.7604,12928.63314,13538.92858,14681.36684,14212.33957,13704.25445,14483.44351,13965.55811,14823.74859,15775.84594,16178.18869,16596.82639
St. Lucia,Saint Lucia,LCA,LC,5000.482141,4996.267719,4693.861534,4684.104534,5117.859195,5504.479,5810.177324,6856.986885,7636.496032,7577.209593,7384.859301,8007.696484,8270.541758,8218.053212,8481.890521,8796.69108,9306.358868,9364.821525
St. Vincent and the Grenadines,Saint Vincent and the Grenadines,VCT,VC,3621.794106,3672.635267,3982.297759,4270.924902,4446.758618,4808.215911,5064.451065,5609.648939,5977.544851,6370.437886,6177.610514,6231.770232,6183.676822,6338.117781,6597.211381,6650.061128,6899.691708,7006.596196
Samoa,Samoa,WSM,WS,1489.647875,1540.689023,1555.474051,1631.417027,1907.209417,2351.033814,2571.286691,2807.954274,3022.561555,3509.761499,3035.068269,3453.434298,3942.051645,4234.640751,4219.024862,4179.049934,4149.411429,4030.013144
San Marino,San Marino,SMR,SM,44862.89451,40188.82018,41806.29631,44576.26257,56168.01668,65035.9605,66987.40092,70662.039,83009.16459,90682.58101,76918.15358,68758.36862,65213.61899,56403.99483,57746.16607,56513.51608,47610.98508,47908.56141
Sao Tome and Principe,Sao Tome and Principe,STP,ST,,,510.0216381,555.8185378,649.3402153,693.3045683,810.860157,843.8009447,894.0927988,1126.462102,1099.571046,1129.754961,1304.326189,1380.949959,1619.532678,1824.160311,1615.320711,1714.680184
Saudi Arabia,Saudi Arabia,SAU,SA,7968.548574,9126.954277,8643.494005,8655.311531,9567.458285,11138.80746,13739.82945,15334.66994,16472.16605,20037.83234,16094.2931,19259.58726,23770.74739,25303.09462,24934.38614,24575.40304,20653.24205,20028.64821
Senegal,Senegal,SEN,SN,533.2851225,473.4500338,481.2870397,513.026227,642.7663113,733.0581811,773.8698713,809.8038296,950.3978522,1101.202117,1021.037864,1002.52994,1081.939254,1038.077646,1051.750745,1052.127482,910.7747772,952.7683234
Serbia,Serbia,SRB,RS,2441.430389,870.1365252,1634.875061,2149.909404,2832.490652,3331.228766,3528.131008,4129.758741,5458.121718,6701.773913,5821.305397,5411.877404,6423.291783,5659.380204,6353.826383,6200.173221,5237.255334,5426.897946
Seychelles,Seychelles,SYC,SC,7747.612159,7578.851053,7663.13708,8331.261997,8524.961236,10176.65871,11092.51074,12014.39987,12154.82994,11122.86207,9706.95606,10804.68447,12189.09516,12845.17363,15687.34795,15570.77892,15390.04064,15075.71944
Sierra Leone,Sierra Leone,SLE,SL,150.8369725,139.3147734,227.7790471,249.9395402,263.7618312,263.1045817,287.6891942,322.313468,358.8274716,406.3759178,394.5932439,405.1284018,445.052005,561.8984239,710.8186998,708.4427474,587.5162611,505.2045112
Singapore,Singapore,SGP,SG,21795.69696,23792.60707,21577.07823,22016.83279,23573.62804,27405.27136,29869.85398,33579.85948,39223.58187,39721.04818,38577.55822,46569.67951,53166.67581,54431.16199,56029.18914,56336.07234,53629.73746,52962.49157
Slovak Republic,Slovakia,SVK,SK,5636.579532,5402.929754,5708.082659,6524.861878,8696.913242,10654.79371,11669.41975,13139.03218,16057.73314,18650.35912,16512.98197,16600.61359,18187.15744,17274.6423,18191.61279,18629.77966,16132.86031,16535.91686
Slovenia,Slovenia,SVN,SI,11441.99702,10227.73677,10479.29634,11814.09994,14880.47154,17260.90151,18169.18091,19726.1265,23841.31792,27501.81027,24633.79785,23437.47202,24985.24827,22532.43564,23357.9392,24202.43084,20873.16111,21652.27833
Solomon Islands,Solomon Islands,SLB,SB,1200.917702,1054.518572,944.81684,784.9562874,744.7657423,818.442619,880.8748508,948.6592511,1046.931125,1205.791067,1158.282672,1272.448025,1642.837974,1858.689868,1880.5159,2009.652622,1922.041388,2005.483643
Somalia,Somalia,SOM,SO,,,,,,,,,,,,,,,407.5432354,417.8900143,426.0098537,434.2088097
South Africa,South Africa,ZAF,ZA,3088.863784,3037.22503,2683.578385,2524.193462,3775.608275,4870.83112,5412.506534,5635.28197,6117.225661,5793.261704,5914.076647,7361.75585,8058.833135,7548.255638,6880.445673,6484.584983,5773.483132,5284.603604
South Sudan,South Sudan,SSD,SS,,,,,,,,,,1678.711862,1264.789908,1562.239346,1706.090713,958.4550081,1186.101325,1151.861715,758.7205782,
Spain,Spain,ESP,ES,15678.21523,14676.70609,15323.6114,17019.53541,21495.70741,24918.64584,26510.71745,28482.60948,32709.40104,35579.30993,32334.00548,30736.62785,31835.2888,28563.85904,29211.77375,29623.16445,25787.92879,26639.74059
Sri Lanka,Sri Lanka,LKA,LK,844.8266706,875.412178,837.6990787,873.1472436,989.4547732,1074.606092,1259.807591,1448.76101,1644.816372,2054.489192,2106.681584,2819.511161,3220.992615,3350.521375,3610.289374,3820.540994,3844.89123,3835.394817
Sudan,Sudan (the),SDN,SD,323.5717952,361.0305843,377.5254454,412.1517561,477.7384078,565.0569459,679.7539949,893.8793645,1115.6952,1291.528826,1226.884381,1476.478087,1666.857757,1892.894352,1955.660799,2176.898029,2513.884661,2415.038162
Suriname,Suriname,SUR,SR,1896.013914,1888.61829,1598.077512,2232.513244,2603.139009,3006.48773,3595.088055,5207.90002,5761.39536,6858.163158,7443.850178,8303.31332,8318.97692,9272.413453,9484.568098,9564.406383,8724.723897,5871.442003
Swaziland,Swaziland,SWZ,SZ,1480.338095,1637.450072,1437.634908,1324.996184,2020.993994,2529.633535,2873.862091,2937.360743,3047.488037,2842.43853,3032.517049,3690.239228,3934.273373,3864.760436,3587.000316,3379.896499,3047.946756,2770.199475
Sweden,Sweden,SWE,SE,30577.08177,29283.00505,26969.24457,29571.70446,36961.42537,42442.22045,43085.35315,46256.4716,53324.37937,55746.84238,46207.0592,52076.25591,59593.28711,57134.07707,60283.24522,59180.19898,50812.19086,51949.27143
Switzerland,Switzerland,CHE,CH,40581.30705,37868.32306,38538.99005,41376.39399,48087.58314,53340.14766,54952.67372,57579.50195,63555.2375,72487.84593,69927.46877,74605.72102,88415.62806,83538.23008,85112.4644,86605.56338,82016.02131,79890.52401
Syrian Arab Republic,Syrian Arab Republic (the),SYR,SY,991.1204287,1177.629268,1258.421953,1263.013455,1253.391403,1408.852738,1577.457182,1762.246107,2058.035209,,,,,,,,,
Tajikistan,Tajikistan,TJK,TJ,177.6921724,138.4366033,170.8159721,189.3878519,236.3014438,309.2801834,337.359236,404.2872665,520.035956,706.0914128,666.3458569,738.3475227,834.5412953,954.7205253,1040.214412,1104.459019,918.6771543,795.8438644
Thailand,Thailand,THA,TH,2032.992147,2007.564826,1893.145377,2096.054617,2358.930629,2659.839108,2893.651356,3368.952576,3972.206475,4378.687406,4212.054902,5075.302176,5491.159981,5859.915622,6171.262444,5941.84071,5814.863134,5910.620932
"Macedonia, FYR",The former Yugoslav Republic of Macedonia,MKD,MK,1814.512523,1854.145956,1815.920091,1961.203736,2408.80011,2762.561701,3037.754585,3325.613242,4036.140237,4793.292959,4543.890244,4542.904104,5064.041106,4698.689476,5211.4992,5469.217898,4834.136723,5237.14767
Timor-Leste,Timor-Leste,TLS,TL,,402.0066527,481.2947703,457.7900166,448.0615951,444.3430043,454.5957016,419.622201,498.8491398,611.7759685,719.7315431,806.0627745,931.0460326,1027.784502,1190.510366,1196.061391,1294.54454,1405.387212
Togo,Togo,TGO,TG,326.6040699,260.3932935,260.6394652,280.8032123,310.4370144,349.9937253,372.1721837,377.336029,420.7604743,513.391914,499.6468713,487.9238913,562.3393592,563.6894247,579.434805,620.1318489,551.1308346,578.4616936
Tonga,Tonga,TON,TO,2015.41817,2063.207236,1837.977391,1842.404421,2029.714718,2284.307858,2594.74999,2892.522663,2932.315883,3392.887992,3070.987247,3548.068399,4044.979721,4500.750362,4278.884567,4196.470593,4093.849585,3748.641794
Trinidad and Tobago,Trinidad and Tobago,TTO,TT,5383.552427,6430.947262,6935.721451,7049.626612,8804.518666,10290.51914,12323.12705,14095.96337,16530.18044,21188.11857,14508.8796,16683.94578,19053.97067,19152.05301,19607.78678,19325.27739,17321.78762,16040.52424
Tunisia,Tunisia,TUN,TN,2389.036036,2213.914088,2254.933126,2346.05937,2761.969249,3112.835029,3194.562243,3371.71231,3778.184171,4310.093026,4129.977335,4140.15177,4256.91279,4137.54814,4199.084678,4270.307423,3828.100633,3688.646375
Turkey,Turkey,TUR,TR,4108.127878,4316.553895,3119.603167,3660.069826,4718.456754,6040.88491,7384.258482,8034.606676,9709.720022,10850.87039,9036.266711,10672.05482,11341.13134,11720.3077,12542.93076,12127.22567,10984.77076,10862.6004
Turkmenistan,Turkmenistan,TKM,TM,548.7268759,643.1750108,774.4763388,967.9017468,1283.885977,1453.917166,1704.51475,2136.66815,2600.371428,3904.467675,4036.459223,4439.203,5649.978486,6675.262954,7304.420525,7962.365824,6432.668768,6389.334143
Tuvalu,Tuvalu,TUV,TV,1464.648593,1458.817097,1387.357543,1603.631992,1866.599625,2176.564747,2178.02921,2259.333279,2638.911845,2929.42164,2595.639908,3021.889528,3698.910096,3718.018711,3542.135089,3415.813158,2970.027974,3083.615251
Uganda,Uganda,UGA,UG,257.7477999,257.6303609,234.9840775,240.2423229,237.9995917,288.0236949,315.7880227,336.4593923,401.8508631,449.6928183,554.404991,595.2061732,574.9402639,637.1300089,655.0496074,702.8808064,674.044972,580.3835385
Ukraine,Ukraine,UKR,UA,635.7662418,635.7089635,780.7380243,879.4750486,1048.522488,1367.352433,1828.717626,2303.018831,3068.608998,3891.037823,2545.480341,2965.142365,3569.757027,3855.42128,4029.715504,3104.658296,2124.662666,2185.728031
United Arab Emirates,United Arab Emirates (the),ARE,AE,28260.00502,33071.26869,31061.52935,31311.35936,33230.52318,36161.17061,39439.80197,42372.22166,42672.61323,45758.90554,33072.57517,35049.14832,40462.31209,42112.23565,43350.64268,44449.74035,39101.74689,37622.20746
United Kingdom,United Kingdom of Great Britain and Northern Ireland (the),GBR,GB,28383.66891,27982.35576,27427.5875,29785.98629,34173.97998,39983.98467,41732.64054,44252.31582,50134.3161,46767.59222,38262.18213,38893.01849,41412.34924,41790.77914,42724.06788,46783.46922,44305.55463,40341.40825
Tanzania,United Republic of Tanzania,TZA,TZ,299.7867537,306.7238273,304.339284,308.0565528,323.0721066,345.189237,442.2528543,471.5273761,528.063562,651.2624387,658.7579527,701.6045501,733.4128065,820.1562898,901.7314303,950.3743138,872.2940933,879.193814
United States,United States of America (the),USA,US,34620.9289,36449.85512,37273.6181,38166.03784,39677.19835,41921.80976,44307.92058,46437.06712,48061.53766,48401.42734,47001.55535,48373.87882,49790.66548,51450.1223,52787.02695,54598.55069,56469.00897,57638.15909
Uruguay,Uruguay,URY,UY,7247.398162,6871.897677,6281.377047,4088.768855,3622.052284,4117.308853,5220.951116,5877.876078,7009.697046,9062.312164,9415.170386,11938.212,14166.49908,15092.06819,16881.20568,16737.89827,15524.84247,15220.56603
Uzbekistan,Uzbekistan,UZB,UZ,702.4807441,558.221144,456.7034892,383.3494997,396.129969,465.1198869,546.7768502,654.2838373,830.4076942,1082.286025,1213.265328,1377.08214,1564.966945,1740.468298,1907.551233,2050.448414,2137.576852,2110.647872
Vanuatu,Vanuatu,VUT,VU,1477.841822,1469.849149,1362.601731,1353.934819,1580.502724,1787.947023,1886.433359,2047.097823,2393.367265,2697.961375,2643.441423,2965.802434,3275.091684,3158.58688,3167.343056,3148.365103,2805.83414,2860.566475
"Venezuela, RB",Venezuela (Bolivarian Republic of),VEN,VE,4077.496123,4783.530592,4926.311339,3655.97562,3232.524276,4271.372404,5432.688675,6735.797588,8318.803399,11227.23138,11536.14939,13545.20584,10741.57638,12755.00008,12237.22406,15692.41288,,
Vietnam,Viet Nam,VNM,VN,374.4764331,401.5478167,415.7337938,440.8488742,491.5346254,557.8323046,699.4997775,796.6715738,919.2092656,1164.612525,1232.370355,1333.583524,1542.669881,1754.547974,1907.564382,2052.319084,2107.012927,2214.387662
"Yemen, Rep.",Yemen,YEM,YE,439.6972109,539.1043652,535.8330521,565.2083683,605.1647335,693.0835669,813.9643857,901.7599875,995.6284828,1203.720733,1093.812918,1309.23196,1349.42025,1420.842721,1580.181601,1647.033657,1401.903319,990.334774
Zambia,Zambia,ZMB,ZM,332.461627,341.9055625,378.2736238,377.1305244,429.1583434,530.2772217,691.3178164,1030.154199,1104.587985,1369.068249,1139.110233,1463.213573,1644.619672,1734.930612,1850.793359,1738.088202,1313.889646,1269.573537
Zimbabwe,Zimbabwe,ZWE,ZW,568.4439527,547.3588785,548.0587312,507.3480034,453.3511552,454.3606654,444.7605075,414.796232,396.9982166,325.6785703,624.2722425,719.979517,840.9498799,968.1638715,1026.388289,1031.104616,1033.415842,1029.076649